,pupil_name,this_years_birthday,month,cake_needed_on,bds_per_weekday_and_month
0,Ronna Nellies,2022-12-21,December,Wednesday,9
1,Rusty Andriulis,2022-07-21,July,Thursday,12
2,Roberta Oakeshott,2022-12-04,December,Friday,45
3,Lola Rubinfajn,2022-06-29,June,Wednesday,15
4,Kamila Benedtti,2022-07-10,July,Friday,49
5,Avery Colebourn,2022-08-30,August,Tuesday,15
6,Valentino Klimko,2022-12-23,December,Friday,45
7,Cal Shearwood,2022-01-18,January,Tuesday,12
8,King Truswell,2022-09-14,September,Wednesday,7
9,Towney Stichall,2022-06-04,June,Friday,30
10,Aubrette Mc Dermid,2022-10-09,October,Friday,32
11,Adah Chatres,2022-12-27,December,Tuesday,8
12,Benedikt Titterton,2022-01-10,January,Monday,14
13,Rosina Harberer,2022-12-23,December,Friday,45
14,Panchito Filinkov,2022-06-09,June,Thursday,12
15,Samara Strike,2022-06-26,June,Friday,30
16,Joane McCormack,2022-04-17,April,Friday,55
17,Griffie Sitlinton,2022-03-24,March,Thursday,19
18,Gilberta Silversmidt,2022-09-08,September,Thursday,14
19,Marjie Matkovic,2022-12-04,December,Friday,45
20,Uri Cowterd,2022-12-12,December,Monday,20
21,Korella Mattisson,2022-04-03,April,Friday,55
22,Findlay Schonfelder,2022-01-19,January,Wednesday,14
23,Jaquelyn Jantzen,2022-10-20,October,Thursday,14
24,Davina Gradwell,2022-11-07,November,Monday,11
25,Nicolea Selby,2022-04-04,April,Monday,10
26,Moselle Alelsandrovich,2022-12-22,December,Thursday,20
27,Honey Nieass,2022-11-23,November,Wednesday,17
28,Akim Godfroy,2022-09-30,September,Friday,36
29,Karole Floch,2022-11-06,November,Friday,39
30,Nata Feldbaum,2022-05-07,May,Friday,31
31,Jaquelin Antonucci,2022-05-03,May,Tuesday,15
32,Candra Hallums,2022-08-11,August,Thursday,10
33,Den Masters,2022-10-03,October,Monday,14
34,Janifer Marris,2022-05-21,May,Friday,31
35,Carolus Bremmer,2022-09-15,September,Thursday,14
36,Casey Addicote,2022-09-25,September,Friday,36
37,Brigida De Ath,2022-08-07,August,Friday,24
38,Kimberli Severs,2022-09-19,September,Monday,7
39,Maribeth Blumson,2022-08-27,August,Friday,24
40,Arabele Rosenauer,2022-10-26,October,Wednesday,13
41,Madison Cominetti,2022-07-17,July,Friday,49
42,Verina Knoton,2022-04-04,April,Monday,10
43,Wolfgang Clubbe,2022-04-20,April,Wednesday,12
44,Davin Mazdon,2022-07-10,July,Friday,49
45,Constantina McIlwaine,2022-08-26,August,Friday,24
46,Sayre Merredy,2022-10-24,October,Monday,14
47,Rodrick Jeannot,2022-10-19,October,Wednesday,13
48,Kain Guerre,2022-08-10,August,Wednesday,10
49,Blinni Fieldstone,2022-11-17,November,Thursday,13
50,Annabell Goscomb,2022-11-10,November,Thursday,13
51,Clayborn Benazet,2022-11-21,November,Monday,11
52,Mahala Henze,2022-09-15,September,Thursday,14
53,Lanette Berzen,2022-11-18,November,Friday,39
54,Keefer Ruckhard,2022-04-02,April,Friday,55
55,Merrili Truelock,2022-11-27,November,Friday,39
56,Joete Goutcher,2022-01-06,January,Thursday,6
57,Miguelita Palfreman,2022-02-17,February,Thursday,12
58,Ossie Mattes,2022-05-15,May,Friday,31
59,Bear Vernay,2022-05-21,May,Friday,31
60,Teodor Wragge,2022-08-14,August,Friday,24
61,Daisie Whitelaw,2022-01-17,January,Monday,14
62,Emlynne Littley,2022-02-05,February,Friday,31
63,Britni Walsh,2022-07-12,July,Tuesday,12
64,Marys Inseal,2022-11-16,November,Wednesday,17
65,Paxton Massow,2022-02-11,February,Friday,31
66,Kerby Scain,2022-10-30,October,Friday,32
67,Johnathan Lamplough,2022-09-25,September,Friday,36
68,Jeni Donald,2022-06-07,June,Tuesday,11
69,Sylvia Abrahamsohn,2022-11-15,November,Tuesday,12
70,Cinnamon Stoyle,2022-01-16,January,Friday,33
71,Issi Amey,2022-10-20,October,Thursday,14
72,Brion Letson,2022-12-07,December,Wednesday,9
73,Nappie Sire,2022-11-10,November,Thursday,13
74,Pattie Chapelle,2022-12-19,December,Monday,20
75,Brynna Armit,2022-08-12,August,Friday,24
76,Gauthier Bruinsma,2022-09-23,September,Friday,36
77,Pren Gudgeon,2022-09-24,September,Friday,36
78,Wyn Husthwaite,2022-05-11,May,Wednesday,8
79,Allianora Padrick,2022-12-07,December,Wednesday,9
80,Malena Bennough,2022-04-20,April,Wednesday,12
81,Jarret Winscom,2022-03-05,March,Friday,31
82,Ree Salmen,2022-11-14,November,Monday,11
83,Hope Dommerque,2022-09-13,September,Tuesday,12
84,Guillermo Trowle,2022-06-24,June,Friday,30
85,Tibold Cottingham,2022-09-03,September,Friday,36
86,Cecilia Poxton,2022-12-20,December,Tuesday,8
87,Arri Sleney,2022-11-23,November,Wednesday,17
88,Regina Isenor,2022-10-16,October,Friday,32
89,Annalise Roll,2022-07-04,July,Monday,11
90,Othello Blyth,2022-07-19,July,Tuesday,12
91,Ave Heyball,2022-05-01,May,Friday,31
92,Friederike Civitillo,2022-06-24,June,Friday,30
93,Hayley Rizzini,2022-04-26,April,Tuesday,4
94,Blakelee Monery,2022-12-04,December,Friday,45
95,Jacenta Cowton,2022-06-18,June,Friday,30
96,Karlyn Westmoreland,2022-06-10,June,Friday,30
97,Yancey Bachellier,2022-02-01,February,Tuesday,13
98,Nerte Lissandrini,2022-12-09,December,Friday,45
99,Dorolice Crosthwaite,2022-01-06,January,Thursday,6
100,Brantley Thorley,2022-03-02,March,Wednesday,6
101,Robin Cypler,2022-01-31,January,Monday,14
102,Phillie Allsepp,2022-06-29,June,Wednesday,15
103,Toddie Artz,2022-07-09,July,Friday,49
104,Marje Antoshin,2022-12-26,December,Monday,20
105,Rochella Blazdell,2022-03-31,March,Thursday,19
106,Aryn Thursfield,2022-02-25,February,Friday,31
107,Isaiah Antowski,2022-01-12,January,Wednesday,14
108,Helli Owbridge,2022-08-05,August,Friday,24
109,Hadrian Scourgie,2022-03-20,March,Friday,31
110,Toddie Nanetti,2022-10-04,October,Tuesday,9
111,Inger Sugar,2022-11-25,November,Friday,39
112,Lezlie Meyer,2022-03-19,March,Friday,31
113,Rowland Krinks,2022-12-22,December,Thursday,20
114,Fair Baumber,2022-09-13,September,Tuesday,12
115,Ekaterina Graver,2022-10-17,October,Monday,14
116,Farris Spear,2022-03-03,March,Thursday,19
117,Shanie Croisier,2022-02-09,February,Wednesday,8
118,Fredric Skerme,2022-03-12,March,Friday,31
119,Christoph Udall,2022-10-15,October,Friday,32
120,Jared Koba,2022-01-15,January,Friday,33
121,Lucina Gouley,2022-02-16,February,Wednesday,8
122,Milka Fosbraey,2022-10-30,October,Friday,32
123,Iseabal Aldwinckle,2022-03-08,March,Tuesday,13
124,Colet Featherstonehaugh,2022-07-07,July,Thursday,12
125,Jewelle Skaif,2022-01-19,January,Wednesday,14
126,Brose Plumridge,2022-12-30,December,Friday,45
127,Dotty Oldknow,2022-12-22,December,Thursday,20
128,Stacy Conneely,2022-10-13,October,Thursday,14
129,Iona Ballister,2022-06-20,June,Monday,9
130,Windy Curgenuer,2022-10-28,October,Friday,32
131,Kienan Echalie,2022-12-19,December,Monday,20
132,Nollie Curley,2022-11-29,November,Tuesday,12
133,Joelle McGrory,2022-06-23,June,Thursday,12
134,Pooh Schmidt,2022-06-05,June,Friday,30
135,Coral Phelipeaux,2022-01-04,January,Tuesday,12
136,Gifford McKeachie,2022-11-21,November,Monday,11
137,Orelee Videan,2022-10-05,October,Wednesday,13
138,Toiboid Scamerden,2022-11-05,November,Friday,39
139,Shirline Longstaff,2022-07-13,July,Wednesday,19
140,Hurley D'Alessandro,2022-01-16,January,Friday,33
141,Orelia Di Domenico,2022-11-07,November,Monday,11
142,Glynda O'Corrin,2022-02-14,February,Monday,12
143,Bailie Caraher,2022-10-05,October,Wednesday,13
144,Elizabeth Pattenden,2022-06-07,June,Tuesday,11
145,Florian Lardnar,2022-08-04,August,Thursday,10
146,Chantal Caherny,2022-11-20,November,Friday,39
147,Sasha McMenamin,2022-04-23,April,Friday,55
148,Ivar Verbeek,2022-12-26,December,Monday,20
149,Jamaal Challicombe,2022-04-02,April,Friday,55
150,Cello Milnes,2022-03-08,March,Tuesday,13
151,Leese Leinster,2022-11-05,November,Friday,39
152,Aleece Bernardet,2022-01-09,January,Friday,33
153,Archibaldo Penwell,2022-07-15,July,Friday,49
154,Berkly Dodding,2022-10-14,October,Friday,32
155,Ynez Stive,2022-05-18,May,Wednesday,8
156,Francene Ebbin,2022-09-16,September,Friday,36
157,Ilise Bowring,2022-11-12,November,Friday,39
158,Clo Knoton,2022-04-25,April,Monday,10
159,Guthrie Valti,2022-05-06,May,Friday,31
160,Stacey Whartonby,2022-02-05,February,Friday,31
161,Ernesta Siggers,2022-07-04,July,Monday,11
162,Denice Espinet,2022-05-05,May,Thursday,12
163,Antin Luesley,2022-04-17,April,Friday,55
164,Alon Brash,2022-09-23,September,Friday,36
165,Harlen Penke,2022-08-04,August,Thursday,10
166,Pyotr Anten,2022-01-06,January,Thursday,6
167,Sean Skelton,2022-10-03,October,Monday,14
168,Cary Johanssen,2022-07-19,July,Tuesday,12
169,Yuri Keywood,2022-11-10,November,Thursday,13
170,Ronnie Narducci,2022-02-01,February,Tuesday,13
171,Chucho Longmore,2022-04-15,April,Friday,55
172,Caleb Kupka,2022-03-15,March,Tuesday,13
173,Robbin Harmant,2022-01-10,January,Monday,14
174,Gaylor Shotboult,2022-02-03,February,Thursday,12
175,Lamont Tolefree,2022-08-17,August,Wednesday,10
176,Wood Upjohn,2022-06-07,June,Tuesday,11
177,Brady Seeds,2022-08-15,August,Monday,12
178,Selma Litherborough,2022-03-20,March,Friday,31
179,Carly Peasee,2022-07-05,July,Tuesday,12
180,Rose Artinstall,2022-05-29,May,Friday,31
181,Hi Oleksiak,2022-06-06,June,Monday,9
182,Berti Smardon,2022-03-26,March,Friday,31
183,Lorraine Halbard,2022-07-20,July,Wednesday,19
184,Aldis Sherewood,2022-08-21,August,Friday,24
185,Rabbi McGourty,2022-06-16,June,Thursday,12
186,Julietta Layson,2022-05-20,May,Friday,31
187,Graehme Ditch,2022-04-07,April,Thursday,11
188,Benetta Zanussii,2022-07-30,July,Friday,49
189,Pandora Seelbach,2022-05-20,May,Friday,31
190,Hatty Crotty,2022-09-22,September,Thursday,14
191,Tessa Pogue,2022-06-23,June,Thursday,12
192,Grantley Doogan,2022-07-02,July,Friday,49
193,Sunny Lanning,2022-12-28,December,Wednesday,9
194,L;urette Applegarth,2022-09-10,September,Friday,36
195,Wendy Oscroft,2022-01-03,January,Monday,14
196,Ev Baldack,2022-04-23,April,Friday,55
197,Jania Pesek,2022-04-08,April,Friday,55
198,Kelley Shenton,2022-12-31,December,Friday,45
199,Doralynne Sekulla,2022-03-14,March,Monday,8
200,Price Harrald,2022-03-30,March,Wednesday,6
201,Allen Welburn,2022-11-05,November,Friday,39
202,Merwin Doag,2022-04-29,April,Friday,55
203,Jeannette Symonds,2022-10-23,October,Friday,32
204,Valaree Heckner,2022-04-30,April,Friday,55
205,Gussie Palmar,2022-05-21,May,Friday,31
206,Yehudi Beggan,2022-10-19,October,Wednesday,13
207,Drusilla Tuson,2022-10-14,October,Friday,32
208,Alanah Dowtry,2022-08-25,August,Thursday,10
209,Kathlin Cobleigh,2022-02-26,February,Friday,31
210,Layne Curston,2022-12-29,December,Thursday,20
211,Idell Shropshire,2022-05-02,May,Monday,7
212,Kimbra Whelan,2022-10-25,October,Tuesday,9
213,Nadean Godsell,2022-02-27,February,Friday,31
214,Katinka Liger,2022-01-25,January,Tuesday,12
215,Fallon Kettles,2022-06-24,June,Friday,30
216,Tally Powland,2022-07-02,July,Friday,49
217,Nolan Jerosch,2022-10-31,October,Monday,14
218,Viva Yukhnini,2022-12-04,December,Friday,45
219,Nevile Jurewicz,2022-03-25,March,Friday,31
220,Brand Kaes,2022-03-24,March,Thursday,19
221,Celine De la Yglesia,2022-01-13,January,Thursday,6
222,Adrian Snary,2022-07-22,July,Friday,49
223,Anny Casterot,2022-01-26,January,Wednesday,14
224,Jacques Cosins,2022-02-01,February,Tuesday,13
225,Lauretta Greenhalf,2022-09-08,September,Thursday,14
226,Ettie Condie,2022-10-23,October,Friday,32
227,Tailor Fellows,2022-07-26,July,Tuesday,12
228,Iago Szimon,2022-08-31,August,Wednesday,10
229,Howard Kittow,2022-04-09,April,Friday,55
230,Smith Okenden,2022-12-31,December,Friday,45
231,West Kibby,2022-11-20,November,Friday,39
232,Perren Randalston,2022-09-03,September,Friday,36
233,Garnette Chiese,2022-03-28,March,Monday,8
234,Mace Huntingdon,2022-05-17,May,Tuesday,15
235,Konstantine Parysowna,2022-06-01,June,Wednesday,15
236,Cristina Oseman,2022-03-28,March,Monday,8
237,Finley McClements,2022-08-18,August,Thursday,10
238,Vic Barends,2022-09-24,September,Friday,36
239,Bartholomew Coyle,2022-10-14,October,Friday,32
240,Krystal Dunlea,2022-05-29,May,Friday,31
241,Mireielle Lundy,2022-07-19,July,Tuesday,12
242,Sharla Almond,2022-11-16,November,Wednesday,17
243,Sibeal Templeton,2022-07-22,July,Friday,49
244,Pearce Clayworth,2022-03-19,March,Friday,31
245,Sheelah Greder,2022-11-29,November,Tuesday,12
246,Joly Wybrow,2022-01-08,January,Friday,33
247,Bondon Antonazzi,2022-02-09,February,Wednesday,8
248,Gwen Biglin,2022-01-18,January,Tuesday,12
249,Kip Blowen,2022-07-19,July,Tuesday,12
250,Moises Orrocks,2022-11-30,November,Wednesday,17
251,Norbie Shoveller,2022-12-18,December,Friday,45
252,Matty Piperley,2022-06-14,June,Tuesday,11
253,Wileen Scamadine,2022-02-15,February,Tuesday,13
254,Armstrong Batiste,2022-04-15,April,Friday,55
255,Daisey Blanning,2022-11-27,November,Friday,39
256,Jammal Ouchterlony,2022-02-24,February,Thursday,12
257,Cynthea Whittier,2022-11-04,November,Friday,39
258,Templeton Reynard,2022-12-19,December,Monday,20
259,Baron Sarre,2022-12-30,December,Friday,45
260,Rex Adds,2022-12-26,December,Monday,20
261,Oberon Pollie,2022-09-22,September,Thursday,14
262,Dorita Messitt,2022-03-17,March,Thursday,19
263,Floria Kitlee,2022-07-06,July,Wednesday,19
264,James Bartles,2022-01-12,January,Wednesday,14
265,Jay Yashaev,2022-01-31,January,Monday,14
266,Leshia Sanderson,2022-09-27,September,Tuesday,12
267,Tiffy Glanz,2022-06-15,June,Wednesday,15
268,Kizzie Dod,2022-10-05,October,Wednesday,13
269,Madlen Lethardy,2022-03-18,March,Friday,31
270,Estella Brende,2022-02-16,February,Wednesday,8
271,Grover Barstock,2022-08-15,August,Monday,12
272,Amalee Marquiss,2022-12-15,December,Thursday,20
273,Megan Blyth,2022-04-22,April,Friday,55
274,Willette Fibbit,2022-12-02,December,Friday,45
275,Calida Dymond,2022-08-11,August,Thursday,10
276,Aharon Ricardin,2022-03-02,March,Wednesday,6
277,Maurits Petyanin,2022-12-25,December,Friday,45
278,Ermanno Polglaze,2022-08-24,August,Wednesday,10
279,Ancell Borrel,2022-04-24,April,Friday,55
280,Keven Latchford,2022-09-05,September,Monday,7
281,Rona Hammill,2022-10-25,October,Tuesday,9
282,Evita Sirett,2022-03-13,March,Friday,31
283,Lorry Sarle,2022-05-29,May,Friday,31
284,Kate Fannon,2022-02-27,February,Friday,31
285,Paulina Vale,2022-11-23,November,Wednesday,17
286,Earl Kelleway,2022-11-06,November,Friday,39
287,Culver Daburn,2022-05-11,May,Wednesday,8
288,Antonie Worcester,2022-02-15,February,Tuesday,13
289,Magda Cullrford,2022-02-04,February,Friday,31
290,Jeremiah Diack,2022-04-27,April,Wednesday,12
291,Lynett Dibdin,2022-06-08,June,Wednesday,15
292,Trace Neenan,2022-09-20,September,Tuesday,12
293,Miran Gowans,2022-01-08,January,Friday,33
294,Orsa Orrey,2022-07-30,July,Friday,49
295,Gillie Bermingham,2022-06-23,June,Thursday,12
296,Mikaela Madgwick,2022-12-05,December,Monday,20
297,Maximo Greenin,2022-04-07,April,Thursday,11
298,Daron Fellis,2022-05-11,May,Wednesday,8
299,Dorothea Haselwood,2022-04-23,April,Friday,55
300,Pernell Howgego,2022-11-25,November,Friday,39
301,Jaimie Bebbell,2022-03-22,March,Tuesday,13
302,Rici Dohms,2022-04-09,April,Friday,55
303,Oralla Braffington,2022-09-01,September,Thursday,14
304,Elisa Whiteley,2022-09-05,September,Monday,7
305,Emalia Kynson,2022-05-15,May,Friday,31
306,Kakalina Standbrook,2022-07-23,July,Friday,49
307,Billy Dionis,2022-12-12,December,Monday,20
308,Kit Fishbourn,2022-04-01,April,Friday,55
309,Sayer Romain,2022-04-11,April,Monday,10
310,Welby Dymott,2022-04-15,April,Friday,55
311,Darci Brozsset,2022-12-31,December,Friday,45
312,Emelyne Pierro,2022-08-14,August,Friday,24
313,Afton Ninotti,2022-12-16,December,Friday,45
314,Sofie Duinbleton,2022-08-28,August,Friday,24
315,Franciskus Brittles,2022-01-25,January,Tuesday,12
316,Darline Glandon,2022-09-11,September,Friday,36
317,Adara Beringer,2022-09-01,September,Thursday,14
318,Maddie Kennard,2022-04-15,April,Friday,55
319,Bobbe Rangall,2022-01-22,January,Friday,33
320,Osgood Darnborough,2022-07-20,July,Wednesday,19
321,Cory Shackle,2022-07-31,July,Friday,49
322,Denna Bulluck,2022-10-20,October,Thursday,14
323,Jocelin Slora,2022-09-11,September,Friday,36
324,Woodman Cockman,2022-12-09,December,Friday,45
325,Wain Jime,2022-12-20,December,Tuesday,8
326,Twila Bradmore,2022-10-01,October,Friday,32
327,Marcus Lemery,2022-11-26,November,Friday,39
328,Alia Whayman,2022-07-06,July,Wednesday,19
329,Maximilien Shipcott,2022-10-20,October,Thursday,14
330,Robina Exroll,2022-06-01,June,Wednesday,15
331,Walt De Ferraris,2022-03-31,March,Thursday,19
332,Alf Stiff,2022-10-04,October,Tuesday,9
333,Vernon Yateman,2022-02-12,February,Friday,31
334,Von Kearton,2022-06-23,June,Thursday,12
335,Dacie Hunnam,2022-05-16,May,Monday,7
336,Silvie Lepere,2022-02-24,February,Thursday,12
337,Thorpe Trudgion,2022-07-08,July,Friday,49
338,Lucais Hyrons,2022-11-11,November,Friday,39
339,Matthieu Hoyer,2022-09-04,September,Friday,36
340,Reine Djorvic,2022-12-08,December,Thursday,20
341,Saree Farquhar,2022-03-28,March,Monday,8
342,Sallyann Tawse,2022-07-10,July,Friday,49
343,Victor Stonham,2022-01-25,January,Tuesday,12
344,Corella Thumnel,2022-05-14,May,Friday,31
345,Andy Philipard,2022-06-12,June,Friday,30
346,Idette Bande,2022-05-04,May,Wednesday,8
347,Allyn Wheldon,2022-12-21,December,Wednesday,9
348,Leslie Rontree,2022-07-17,July,Friday,49
349,Bibbie Bortolomei,2022-11-14,November,Monday,11
350,Bartolemo Cleave,2022-02-12,February,Friday,31
351,Korry Leirmonth,2022-02-10,February,Thursday,12
352,Aridatha Bonicelli,2022-11-03,November,Thursday,13
353,Twila Grinley,2022-12-03,December,Friday,45
354,Lettie Pennyman,2022-07-19,July,Tuesday,12
355,Blake MacIlhargy,2022-08-21,August,Friday,24
356,Daniele McCloy,2022-07-11,July,Monday,11
357,Felizio Weinmann,2022-11-29,November,Tuesday,12
358,Ilsa Tettley,2022-09-11,September,Friday,36
359,Ardyce Meriton,2022-07-23,July,Friday,49
360,Shandee Scard,2022-11-21,November,Monday,11
361,Cristionna Hegden,2022-07-03,July,Friday,49
362,Mignonne Dumsday,2022-05-29,May,Friday,31
363,Raynell Behneke,2022-12-24,December,Friday,45
364,Adina Gawthorpe,2022-02-15,February,Tuesday,13
365,Sheff De Andreis,2022-10-12,October,Wednesday,13
366,Mab Canepe,2022-12-11,December,Friday,45
367,Dynah Petrillo,2022-08-16,August,Tuesday,15
368,Leroi Crumpe,2022-05-06,May,Friday,31
369,Lynnett Gierardi,2022-12-13,December,Tuesday,8
370,Winny Scoggans,2022-03-29,March,Tuesday,13
371,Shirlene Palluschek,2022-06-10,June,Friday,30
372,Zarah Symington,2022-01-01,January,Friday,33
373,Bernete Westoff,2022-10-02,October,Friday,32
374,Marlowe Daniell,2022-03-03,March,Thursday,19
375,Berkly Stanett,2022-03-27,March,Friday,31
376,Dominga Peat,2022-02-15,February,Tuesday,13
377,Karlotte Vaudre,2022-10-03,October,Monday,14
378,Carmelina Ashbridge,2022-09-08,September,Thursday,14
379,Ricardo Barmby,2022-11-20,November,Friday,39
380,Alyson Lindsell,2022-07-06,July,Wednesday,19
381,Valentine McPherson,2022-03-04,March,Friday,31
382,Analiese Bliven,2022-11-07,November,Monday,11
383,Nathanial Matczak,2022-08-27,August,Friday,24
384,Lanny Alyukin,2022-11-10,November,Thursday,13
385,Emmott Barnaby,2022-11-05,November,Friday,39
386,Trudey Skarman,2022-06-05,June,Friday,30
387,Daloris Skillicorn,2022-12-09,December,Friday,45
388,Ranna Eagland,2022-08-29,August,Monday,12
389,Amitie McGairl,2022-02-12,February,Friday,31
390,Karissa Dickon,2022-12-03,December,Friday,45
391,Laural Hexum,2022-09-06,September,Tuesday,12
392,Quinlan Franckton,2022-12-26,December,Monday,20
393,Anissa Semerad,2022-01-10,January,Monday,14
394,Aland Ashlee,2022-07-13,July,Wednesday,19
395,Chickie Asch,2022-12-12,December,Monday,20
396,Linda Haberjam,2022-10-06,October,Thursday,14
397,Ad Falco,2022-07-17,July,Friday,49
398,Care Reihill,2022-05-03,May,Tuesday,15
399,Odelia Bayston,2022-12-19,December,Monday,20
400,Tedi Nekrews,2022-03-03,March,Thursday,19
401,Adore Rowan,2022-04-30,April,Friday,55
402,Thorn Blencowe,2022-02-19,February,Friday,31
403,Prudy Duetsche,2022-08-01,August,Monday,12
404,Ariana Shearmer,2022-04-20,April,Wednesday,12
405,Karoline Gash,2022-06-06,June,Monday,9
406,Liam Sings,2022-12-15,December,Thursday,20
407,Denise Huckleby,2022-10-01,October,Friday,32
408,Truda Welband,2022-01-04,January,Tuesday,12
409,Kelcey Dragonette,2022-06-23,June,Thursday,12
410,Bridgette Hachard,2022-05-21,May,Friday,31
411,Joy Brobeck,2022-03-10,March,Thursday,19
412,Kimbra Yuille,2022-03-13,March,Friday,31
413,Harold Dunckley,2022-01-17,January,Monday,14
414,Tabbie Edgar,2022-10-02,October,Friday,32
415,Nataniel Capinetti,2022-08-23,August,Tuesday,15
416,Aldus Lindro,2022-10-21,October,Friday,32
417,Shaylah Bottle,2022-07-06,July,Wednesday,19
418,Pammie Maxweell,2022-11-11,November,Friday,39
419,Ericka Ebourne,2022-02-28,February,Monday,12
420,Trstram Macci,2022-04-16,April,Friday,55
421,Malory Jonk,2022-04-10,April,Friday,55
422,Jammal Reubens,2022-05-28,May,Friday,31
423,Ramsay Wither,2022-06-14,June,Tuesday,11
424,Yoshiko Dies,2022-03-11,March,Friday,31
425,Nicky Rawes,2022-02-13,February,Friday,31
426,Bourke Upson,2022-10-10,October,Monday,14
427,Bernetta Barkaway,2022-01-23,January,Friday,33
428,Cynthie Marthen,2022-08-26,August,Friday,24
429,Patricio Meakin,2022-11-17,November,Thursday,13
430,Ivonne World,2022-10-06,October,Thursday,14
431,Joey McJury,2022-03-24,March,Thursday,19
432,Tammie Alabone,2022-12-08,December,Thursday,20
433,Emmie Laba,2022-04-07,April,Thursday,11
434,Blinny Upwood,2022-03-15,March,Tuesday,13
435,Carmine Budd,2022-05-03,May,Tuesday,15
436,Walker Capron,2022-08-30,August,Tuesday,15
437,Hollyanne Tomaszewicz,2022-05-03,May,Tuesday,15
438,Johna Kordova,2022-11-29,November,Tuesday,12
439,Brit Craze,2022-12-29,December,Thursday,20
440,Babs Swaysland,2022-04-21,April,Thursday,11
441,Ronica Proppers,2022-03-07,March,Monday,8
442,Sasha Corsor,2022-08-09,August,Tuesday,15
443,Grethel Husset,2022-08-07,August,Friday,24
444,Lotta Ucceli,2022-06-17,June,Friday,30
445,Gerrie Bonehill,2022-11-05,November,Friday,39
446,Buckie Ezzle,2022-08-29,August,Monday,12
447,Kizzie Columbine,2022-06-30,June,Thursday,12
448,Bobbie Cobbing,2022-09-28,September,Wednesday,7
449,Dasha Traite,2022-04-08,April,Friday,55
450,Janetta Dressell,2022-08-26,August,Friday,24
451,Randall Barnfield,2022-02-05,February,Friday,31
452,Vonni Mullin,2022-03-21,March,Monday,8
453,Reg Watting,2022-02-19,February,Friday,31
454,Stanley Monks,2022-01-15,January,Friday,33
455,Cori Oolahan,2022-11-25,November,Friday,39
456,Killian Cater,2022-01-23,January,Friday,33
457,Angil Grundy,2022-12-24,December,Friday,45
458,Winston Coltan,2022-07-29,July,Friday,49
459,Elianora Killshaw,2022-04-07,April,Thursday,11
460,Elsa Yakutin,2022-07-03,July,Friday,49
461,Melodie Maine,2022-10-15,October,Friday,32
462,Gena Hollyman,2022-01-14,January,Friday,33
463,Vallie Beetles,2022-05-21,May,Friday,31
464,Jada Lindenman,2022-09-04,September,Friday,36
465,Consolata Augur,2022-09-09,September,Friday,36
466,Gail Farnish,2022-11-06,November,Friday,39
467,Jdavie Chard,2022-07-20,July,Wednesday,19
468,Hartwell Drakeley,2022-01-21,January,Friday,33
469,Tanitansy Lowther,2022-12-04,December,Friday,45
470,Cherie Himsworth,2022-12-02,December,Friday,45
471,Pail Weadick,2022-04-21,April,Thursday,11
472,Ivy Bridgen,2022-03-06,March,Friday,31
473,Porty Lowdiane,2022-01-31,January,Monday,14
474,Emylee Shawel,2022-05-02,May,Monday,7
475,Hayward MacKellen,2022-04-29,April,Friday,55
476,Charita Mabee,2022-08-27,August,Friday,24
477,Lelah Huyghe,2022-10-16,October,Friday,32
478,Audre Balsdon,2022-10-16,October,Friday,32
479,Melesa Carillo,2022-07-23,July,Friday,49
480,Penny Nertney,2022-04-24,April,Friday,55
481,Devan Soppett,2022-07-16,July,Friday,49
482,Philippe Plume,2022-08-16,August,Tuesday,15
483,Hunt Zamboniari,2022-12-01,December,Thursday,20
484,Ralina O'Lunny,2022-05-29,May,Friday,31
485,Marianne Doig,2022-11-08,November,Tuesday,12
486,Hildegaard Loveredge,2022-02-03,February,Thursday,12
487,Renee Ingray,2022-07-26,July,Tuesday,12
488,Stevana Baddiley,2022-02-16,February,Wednesday,8
489,Rafaelita Punshon,2022-11-09,November,Wednesday,17
490,Dacie Harnetty,2022-03-24,March,Thursday,19
491,Davidde Linch,2022-01-22,January,Friday,33
492,Helsa Parham,2022-05-04,May,Wednesday,8
493,Gustave Pickervance,2022-11-03,November,Thursday,13
494,Stearn Quilleash,2022-09-18,September,Friday,36
495,Bernhard Pakes,2022-04-09,April,Friday,55
496,Zebadiah Nudde,2022-11-09,November,Wednesday,17
497,Edgardo Bickell,2022-03-31,March,Thursday,19
498,Alane Biddiss,2022-07-29,July,Friday,49
499,Marylynne Hinckesman,2022-10-10,October,Monday,14
500,Leslie Hann,2022-05-24,May,Tuesday,15
501,Johna Degue,2022-02-17,February,Thursday,12
502,Leupold Paladino,2022-04-30,April,Friday,55
503,Adham Purrier,2022-05-17,May,Tuesday,15
504,Adlai Trippitt,2022-08-22,August,Monday,12
505,Anthony Paolazzi,2022-12-17,December,Friday,45
506,Muhammad Daysh,2022-04-14,April,Thursday,11
507,Reyna Dudson,2022-04-27,April,Wednesday,12
508,Olivia Elsay,2022-06-29,June,Wednesday,15
509,Rica Greensitt,2022-08-21,August,Friday,24
510,Puff Wattam,2022-06-29,June,Wednesday,15
511,Claudina Biasetti,2022-02-20,February,Friday,31
512,Terrance Sibary,2022-06-04,June,Friday,30
513,Celinka Skey,2022-09-23,September,Friday,36
514,Dew Bartlett,2022-11-23,November,Wednesday,17
515,Gaye Dallison,2022-05-26,May,Thursday,12
516,Terry Lillow,2022-08-10,August,Wednesday,10
517,Shel Vice,2022-01-23,January,Friday,33
518,Drucy Greet,2022-10-18,October,Tuesday,9
519,Ingelbert Sessuns,2022-07-14,July,Thursday,12
520,Zak Lillee,2022-08-26,August,Friday,24
521,Mirilla Davidow,2022-11-21,November,Monday,11
522,Buiron Crauford,2022-03-18,March,Friday,31
523,Gizela Oke,2022-04-30,April,Friday,55
524,Candace Glowacz,2022-01-03,January,Monday,14
525,Rockey Center,2022-01-30,January,Friday,33
526,Lannie Bessey,2022-02-06,February,Friday,31
527,Blanche Edling,2022-11-02,November,Wednesday,17
528,Yevette Crimpe,2022-04-15,April,Friday,55
529,Kimmy Brody,2022-03-13,March,Friday,31
530,Burnaby Gosby,2022-09-09,September,Friday,36
531,Bearnard Swainston,2022-01-11,January,Tuesday,12
532,Chrissie Torrans,2022-08-02,August,Tuesday,15
533,Marc Bailey,2022-09-28,September,Wednesday,7
534,Merl Pudner,2022-10-03,October,Monday,14
535,Ivar Noddings,2022-05-05,May,Thursday,12
536,Maryjo Dewicke,2022-02-09,February,Wednesday,8
537,Kippar Lambrecht,2022-06-24,June,Friday,30
538,Donielle Selwyne,2022-03-03,March,Thursday,19
539,Kerstin Escreet,2022-10-28,October,Friday,32
540,Theresina Woolnough,2022-09-19,September,Monday,7
541,Marie Antuk,2022-08-11,August,Thursday,10
542,Dolorita Borrows,2022-11-20,November,Friday,39
543,Cass Seivertsen,2022-03-01,March,Tuesday,13
544,Trumaine Goncalo,2022-01-09,January,Friday,33
545,Frank Mersh,2022-09-04,September,Friday,36
546,Magdalene Treend,2022-10-20,October,Thursday,14
547,Blanca Arnaez,2022-04-27,April,Wednesday,12
548,Shirline Saben,2022-02-07,February,Monday,12
549,Grace Fernie,2022-06-20,June,Monday,9
550,Theda Ryam,2022-06-15,June,Wednesday,15
551,Ginny Sebyer,2022-12-22,December,Thursday,20
552,Jesse Worsall,2022-04-24,April,Friday,55
553,Sammy Ferrarotti,2022-07-23,July,Friday,49
554,Alta Ianittello,2022-01-03,January,Monday,14
555,Joye Sleit,2022-07-29,July,Friday,49
556,Hanny Cullity,2022-07-01,July,Friday,49
557,Fair Brandi,2022-06-14,June,Tuesday,11
558,Derry Crowest,2022-08-02,August,Tuesday,15
559,Sasha Tukesby,2022-05-19,May,Thursday,12
560,Jeffry De Blasio,2022-06-09,June,Thursday,12
561,Mildrid Blurton,2022-07-04,July,Monday,11
562,Benedetto Staker,2022-09-11,September,Friday,36
563,Yalonda Cranch,2022-04-08,April,Friday,55
564,Andeee Dorrity,2022-07-25,July,Monday,11
565,Aron Cosslett,2022-07-16,July,Friday,49
566,Agretha Ivanchikov,2022-09-23,September,Friday,36
567,Desirae Tondeur,2022-07-15,July,Friday,49
568,De witt Moorton,2022-06-06,June,Monday,9
569,Etti Ehlerding,2022-11-23,November,Wednesday,17
570,Stavros Rhead,2022-11-20,November,Friday,39
571,Ansley Took,2022-08-17,August,Wednesday,10
572,Langston Janjic,2022-01-06,January,Thursday,6
573,Yasmin Jinkins,2022-09-04,September,Friday,36
574,Corry Lassells,2022-11-24,November,Thursday,13
575,Kareem Shieldon,2022-04-11,April,Monday,10
576,Blair Troyes,2022-12-19,December,Monday,20
577,Ivy Briscam,2022-01-07,January,Friday,33
578,Billie Keyte,2022-04-10,April,Friday,55
579,Rhodie Lissimore,2022-01-09,January,Friday,33
580,Jeannie Clausen-Thue,2022-12-17,December,Friday,45
581,Lonnard Stivey,2022-05-02,May,Monday,7
582,Jany Batcock,2022-09-13,September,Tuesday,12
583,Demetris Aslett,2022-07-23,July,Friday,49
584,Tammy Elcombe,2022-07-13,July,Wednesday,19
585,Eddy O'Gaven,2022-08-26,August,Friday,24
586,Stacee Martine,2022-09-06,September,Tuesday,12
587,Vivyanne Aughtie,2022-06-23,June,Thursday,12
588,Flinn Tollfree,2022-03-12,March,Friday,31
589,Indira Verna,2022-06-24,June,Friday,30
590,Maximilianus Hannam,2022-12-11,December,Friday,45
591,Galvan Pioch,2022-12-04,December,Friday,45
592,Margi Sentance,2022-04-26,April,Tuesday,4
593,Ches Thornebarrow,2022-01-14,January,Friday,33
594,Evelin Myott,2022-08-02,August,Tuesday,15
595,Emmalyn Piegrome,2022-12-18,December,Friday,45
596,Lindy Wallman,2022-11-27,November,Friday,39
597,Kori Feavers,2022-12-07,December,Wednesday,9
598,Gussy Dowdell,2022-07-08,July,Friday,49
599,Merci Tutsell,2022-12-01,December,Thursday,20
600,Kameko Sherer,2022-08-04,August,Thursday,10
601,Amye Barwis,2022-06-05,June,Friday,30
602,Louisa McRamsey,2022-08-23,August,Tuesday,15
603,Aveline Peggram,2022-01-18,January,Tuesday,12
604,Valerie MacDonagh,2022-07-04,July,Monday,11
605,Ileana Paolicchi,2022-06-03,June,Friday,30
606,Warden McDonnell,2022-12-23,December,Friday,45
607,Cristi Hargrove,2022-08-16,August,Tuesday,15
608,Warde Fullwood,2022-10-19,October,Wednesday,13
609,Tristan Parman,2022-12-18,December,Friday,45
610,Patience Turfin,2022-03-23,March,Wednesday,6
611,Melva Bradburn,2022-07-01,July,Friday,49
612,Robinett Kingaby,2022-02-27,February,Friday,31
613,Jennee Portch,2022-04-01,April,Friday,55
614,Tomi Murrison,2022-05-11,May,Wednesday,8
615,Freddi Phillps,2022-11-10,November,Thursday,13
616,Hagan Rawne,2022-10-04,October,Tuesday,9
617,Frieda Peart,2022-03-02,March,Wednesday,6
618,Lucien Crean,2022-12-08,December,Thursday,20
619,Gilemette Vezey,2022-03-12,March,Friday,31
620,Janith Amburgy,2022-04-17,April,Friday,55
621,Cross Oleksinski,2022-01-14,January,Friday,33
622,Krystle Davage,2022-07-27,July,Wednesday,19
623,Doria Oulet,2022-07-28,July,Thursday,12
624,Normie Cleave,2022-03-20,March,Friday,31
625,Waly Tomet,2022-02-09,February,Wednesday,8
626,Wadsworth Gores,2022-12-20,December,Tuesday,8
627,Kyrstin Liebermann,2022-12-08,December,Thursday,20
628,Deni Baudin,2022-11-03,November,Thursday,13
629,Ceciley Kubicki,2022-07-28,July,Thursday,12
630,Jordanna Siley,2022-04-22,April,Friday,55
631,Bobbette Whiteley,2022-02-07,February,Monday,12
632,Peyton Addekin,2022-05-11,May,Wednesday,8
633,Lief Barajaz,2022-02-19,February,Friday,31
634,Esmaria Tawn,2022-07-20,July,Wednesday,19
635,Suzanne Guiso,2022-06-04,June,Friday,30
636,Korella Lavelle,2022-05-12,May,Thursday,12
637,Harold Heminsley,2022-10-16,October,Friday,32
638,Minnaminnie Vaneev,2022-05-26,May,Thursday,12
639,Amitie Elvy,2022-10-06,October,Thursday,14
640,Markus Madill,2022-08-21,August,Friday,24
641,Carmon Phear,2022-01-09,January,Friday,33
642,Freddie Eldered,2022-06-25,June,Friday,30
643,Vallie Payton,2022-10-08,October,Friday,32
644,Rafaello Shelp,2022-12-25,December,Friday,45
645,Elana Dupree,2022-04-09,April,Friday,55
646,Davita Reder,2022-07-21,July,Thursday,12
647,Zedekiah Anstie,2022-09-08,September,Thursday,14
648,Cassie Margaritelli,2022-09-20,September,Tuesday,12
649,Sinclair Blacklock,2022-05-05,May,Thursday,12
650,Farrell Nise,2022-01-08,January,Friday,33
651,Georgena Richings,2022-05-22,May,Friday,31
652,Kahlil Buie,2022-09-28,September,Wednesday,7
653,Drusi Beckenham,2022-04-14,April,Thursday,11
654,Bogey Andresen,2022-01-23,January,Friday,33
655,Jobi Dreossi,2022-04-15,April,Friday,55
656,Isacco Holston,2022-06-28,June,Tuesday,11
657,Andris Somerbell,2022-03-27,March,Friday,31
658,Casey Kelshaw,2022-02-24,February,Thursday,12
659,Dru Lorryman,2022-08-15,August,Monday,12
660,Gothart Duigan,2022-02-19,February,Friday,31
661,Jarred Aggas,2022-01-14,January,Friday,33
662,Emili Matyja,2022-01-05,January,Wednesday,14
663,Sherilyn Jilkes,2022-03-22,March,Tuesday,13
664,Jacklin Scoyne,2022-01-29,January,Friday,33
665,Kip Bannell,2022-10-18,October,Tuesday,9
666,Miles Pavitt,2022-07-27,July,Wednesday,19
667,Hedvig Abbot,2022-03-20,March,Friday,31
668,Melisa Fibbens,2022-03-31,March,Thursday,19
669,Jecho Ebbrell,2022-11-02,November,Wednesday,17
670,Barris Traves,2022-11-18,November,Friday,39
671,Norrie Kencott,2022-07-25,July,Monday,11
672,Randell Gummow,2022-08-01,August,Monday,12
673,Robby Scrivener,2022-11-19,November,Friday,39
674,Gonzales Blanchard,2022-06-04,June,Friday,30
675,Marcela Gath,2022-11-05,November,Friday,39
676,Meryl Laytham,2022-11-22,November,Tuesday,12
677,Jacinda Gelderd,2022-05-12,May,Thursday,12
678,Ilyssa Fortie,2022-05-21,May,Friday,31
679,Pascale Casini,2022-05-14,May,Friday,31
680,Katlin Maulden,2022-02-19,February,Friday,31
681,Perkin Caughey,2022-10-16,October,Friday,32
682,Leopold Banton,2022-07-21,July,Thursday,12
683,Brittaney Cumberpatch,2022-08-24,August,Wednesday,10
684,Glynda Lidierth,2022-01-23,January,Friday,33
685,Lukas Gallon,2022-12-12,December,Monday,20
686,Massimo Bedminster,2022-04-13,April,Wednesday,12
687,Franciska Betonia,2022-07-11,July,Monday,11
688,Kathrine Ducastel,2022-05-10,May,Tuesday,15
689,Jaymee Mannakee,2022-10-02,October,Friday,32
690,Cam Riccardini,2022-02-01,February,Tuesday,13
691,Jamima Cossor,2022-11-05,November,Friday,39
692,Red Braybrook,2022-05-12,May,Thursday,12
693,Agnese Wahlberg,2022-07-18,July,Monday,11
694,Erasmus Simmers,2022-12-29,December,Thursday,20
695,Amye Berni,2022-10-03,October,Monday,14
696,Korney Perring,2022-09-23,September,Friday,36
697,Tiphany Yepiskov,2022-06-27,June,Monday,9
698,Jeannette Kocher,2022-07-07,July,Thursday,12
699,Brig Tremontana,2022-03-01,March,Tuesday,13
700,Hiram Birkenshaw,2022-07-03,July,Friday,49
701,Louis Gabbatiss,2022-02-22,February,Tuesday,13
702,Christoforo Gillon,2022-02-14,February,Monday,12
703,Tatum Daughton,2022-04-08,April,Friday,55
704,Amberly Wones,2022-07-22,July,Friday,49
705,Suzanna Richardeau,2022-05-07,May,Friday,31
706,Jamima Heed,2022-09-10,September,Friday,36
707,Sandy Helks,2022-04-02,April,Friday,55
708,Gabbi Dowdell,2022-06-22,June,Wednesday,15
709,Faustine Trimmell,2022-12-22,December,Thursday,20
710,Keelia McBoyle,2022-03-21,March,Monday,8
711,Wanids Jaffrey,2022-07-12,July,Tuesday,12
712,Flint Donlon,2022-03-10,March,Thursday,19
713,Emile Sprules,2022-02-18,February,Friday,31
714,Ferne Poure,2022-05-21,May,Friday,31
715,Antoine Haycox,2022-09-14,September,Wednesday,7
716,Henka Tartt,2022-05-31,May,Tuesday,15
717,Glennis Eastlake,2022-10-25,October,Tuesday,9
718,Norris Denness,2022-07-13,July,Wednesday,19
719,Michele Keford,2022-03-15,March,Tuesday,13
720,Chere Vinson,2022-03-04,March,Friday,31
721,Natalie Swynfen,2022-10-06,October,Thursday,14
722,Zane Slaght,2022-12-15,December,Thursday,20
723,Penni Nobriga,2022-05-27,May,Friday,31
724,Deb Martina,2022-03-22,March,Tuesday,13
725,Alix McGonnell,2022-10-20,October,Thursday,14
726,Poppy Denniston,2022-11-12,November,Friday,39
727,Dino Behr,2022-12-20,December,Tuesday,8
728,Nikolai Paynton,2022-04-06,April,Wednesday,12
729,Kalindi Abella,2022-12-05,December,Monday,20
730,Lina Jedrzejczyk,2022-09-13,September,Tuesday,12
731,Darrick Shellard,2022-03-27,March,Friday,31
732,Eunice Brazur,2022-01-16,January,Friday,33
733,Livvyy Vasquez,2022-09-15,September,Thursday,14
734,Hyacintha Figgen,2022-06-02,June,Thursday,12
735,Reggis Daniello,2022-10-16,October,Friday,32
736,Braden Berrane,2022-04-30,April,Friday,55
737,Gil Wyrall,2022-12-13,December,Tuesday,8
738,Emylee Yurygyn,2022-04-24,April,Friday,55
739,Rori Colvill,2022-04-08,April,Friday,55
740,Margot Ibbitson,2022-02-24,February,Thursday,12
741,Brenden Greengrass,2022-11-20,November,Friday,39
742,Pepi Marte,2022-12-30,December,Friday,45
743,Lindi Veare,2022-08-27,August,Friday,24
744,Randi Slucock,2022-08-16,August,Tuesday,15
745,Tate Guitton,2022-07-09,July,Friday,49
746,Farris Queree,2022-11-11,November,Friday,39
747,Janina Goulstone,2022-06-20,June,Monday,9
748,Samara McCuaig,2022-09-06,September,Tuesday,12
749,Austin Sangwin,2022-07-07,July,Thursday,12
750,Jasmina Langforth,2022-04-03,April,Friday,55
751,Marve Geaney,2022-04-15,April,Friday,55
752,Alyda Drinkel,2022-08-22,August,Monday,12
753,Karry McLean,2022-10-05,October,Wednesday,13
754,Jorgan Beggan,2022-02-28,February,Monday,12
755,Ned Mathouse,2022-11-12,November,Friday,39
756,Harrietta Chumley,2022-01-20,January,Thursday,6
757,Florida Forestall,2022-11-02,November,Wednesday,17
758,Dodie Potteril,2022-10-05,October,Wednesday,13
759,Lacey Addeycott,2022-08-28,August,Friday,24
760,Yoshiko Cona,2022-12-23,December,Friday,45
761,Maggi Readwood,2022-02-07,February,Monday,12
762,Davon Regglar,2022-12-27,December,Tuesday,8
763,Laird Dainty,2022-06-27,June,Monday,9
764,Melvin Halfhyde,2022-05-12,May,Thursday,12
765,Emlen Dumingo,2022-11-19,November,Friday,39
766,Aliza Tarbett,2022-04-06,April,Wednesday,12
767,Rosalynd Henrion,2022-01-26,January,Wednesday,14
768,Agata Martyn,2022-11-23,November,Wednesday,17
769,Basia Oswal,2022-07-06,July,Wednesday,19
770,Trumaine Beggs,2022-08-31,August,Wednesday,10
771,Loreen MacCauley,2022-06-07,June,Tuesday,11
772,Lynea Zorzi,2022-01-24,January,Monday,14
773,Hans Bolstridge,2022-11-29,November,Tuesday,12
774,Irvine Roycroft,2022-08-11,August,Thursday,10
775,Thorstein Valente,2022-03-11,March,Friday,31
776,Rosemonde Grovier,2022-04-07,April,Thursday,11
777,Pepe Elsey,2022-12-04,December,Friday,45
778,Nick Jurzyk,2022-12-26,December,Monday,20
779,Katharina Joscelyne,2022-04-17,April,Friday,55
780,Skip Geipel,2022-09-25,September,Friday,36
781,Parrnell Penrith,2022-09-04,September,Friday,36
782,Reggis Ferandez,2022-03-18,March,Friday,31
783,Valentine Bischof,2022-06-28,June,Tuesday,11
784,Adah Townson,2022-05-02,May,Monday,7
785,Andy Yosifov,2022-06-15,June,Wednesday,15
786,Tracey Milham,2022-01-02,January,Friday,33
787,Tammie Meynell,2022-04-10,April,Friday,55
788,Haywood Tithecote,2022-10-28,October,Friday,32
789,Caye Gove,2022-08-13,August,Friday,24
790,Armstrong Nutman,2022-01-05,January,Wednesday,14
791,Mariska Bront,2022-09-20,September,Tuesday,12
792,Shina Ivanin,2022-07-05,July,Tuesday,12
793,Vance Bissiker,2022-06-26,June,Friday,30
794,Ebenezer Tussaine,2022-02-28,February,Monday,12
795,Findley Enriques,2022-01-17,January,Monday,14
796,Rosamond Belshaw,2022-02-06,February,Friday,31
797,Barclay Fieldgate,2022-04-30,April,Friday,55
798,Tammie O' Connell,2022-12-29,December,Thursday,20
799,Jami Plunket,2022-07-16,July,Friday,49
800,Stacee Spinetti,2022-04-20,April,Wednesday,12
801,Correna Segrave,2022-07-09,July,Friday,49
802,Gil Hele,2022-05-03,May,Tuesday,15
803,Isaiah Doig,2022-11-01,November,Tuesday,12
804,Davidson Quodling,2022-06-19,June,Friday,30
805,Saul Swaby,2022-07-28,July,Thursday,12
806,Melanie Glassard,2022-08-22,August,Monday,12
807,Sharity Galland,2022-01-16,January,Friday,33
808,Antoine Lillgard,2022-05-10,May,Tuesday,15
809,Dorotea Wadesworth,2022-09-12,September,Monday,7
810,Kimberlee Ciani,2022-10-24,October,Monday,14
811,Pauline Dorsey,2022-03-03,March,Thursday,19
812,Bettina Forward,2022-07-07,July,Thursday,12
813,Mike Ginnelly,2022-10-30,October,Friday,32
814,Conroy Hatcliffe,2022-06-18,June,Friday,30
815,Cecil Gavaghan,2022-01-12,January,Wednesday,14
816,Filippa Pattingson,2022-11-04,November,Friday,39
817,Janene Harford,2022-02-27,February,Friday,31
818,Carri Livings,2022-07-27,July,Wednesday,19
819,Mitzi Kleinhandler,2022-10-19,October,Wednesday,13
820,Shaine Matas,2022-10-16,October,Friday,32
821,Fraze Tutin,2022-09-02,September,Friday,36
822,Nola Mallett,2022-06-10,June,Friday,30
823,Hardy Burford,2022-04-05,April,Tuesday,4
824,Sarine Pedlingham,2022-09-16,September,Friday,36
825,Bary Amyes,2022-07-20,July,Wednesday,19
826,Berthe Sheerman,2022-09-29,September,Thursday,14
827,Charisse Divina,2022-10-21,October,Friday,32
828,Calla Emms,2022-07-22,July,Friday,49
829,West Breheny,2022-04-25,April,Monday,10
830,Patsy Piner,2022-09-29,September,Thursday,14
831,Fairleigh Janusz,2022-02-28,February,Monday,12
832,Rodrick Lepere,2022-09-19,September,Monday,7
833,Kissie Burkert,2022-07-28,July,Thursday,12
834,Alanson Joost,2022-07-10,July,Friday,49
835,Shelly Deares,2022-07-17,July,Friday,49
836,Angy Moseby,2022-02-27,February,Friday,31
837,Corabel Triggol,2022-02-05,February,Friday,31
838,Jose Kennan,2022-09-23,September,Friday,36
839,Ferd Dey,2022-04-05,April,Tuesday,4
840,Katlin Bumphrey,2022-02-28,February,Monday,12
841,Dana Gauld,2022-07-15,July,Friday,49
842,Alys McReidy,2022-10-21,October,Friday,32
843,Maure Kenwell,2022-10-20,October,Thursday,14
844,Virgie Roark,2022-08-12,August,Friday,24
845,Jacklin Biggerstaff,2022-05-30,May,Monday,7
846,Wade Fautly,2022-09-28,September,Wednesday,7
847,Loydie Capewell,2022-04-06,April,Wednesday,12
848,Emmalynn Sankey,2022-06-11,June,Friday,30
849,Shannon Gerring,2022-08-30,August,Tuesday,15
850,Denna Cornewall,2022-10-17,October,Monday,14
851,Meyer Barca,2022-07-13,July,Wednesday,19
852,Goldia Macklin,2022-01-17,January,Monday,14
853,Curry Dawbery,2022-04-25,April,Monday,10
854,Heidi Elderkin,2022-11-16,November,Wednesday,17
855,Peggie Derrett,2022-06-29,June,Wednesday,15
856,Ingunna Hauck,2022-01-26,January,Wednesday,14
857,Emmott Gosson,2022-02-01,February,Tuesday,13
858,Guinna O'Currine,2022-02-07,February,Monday,12
859,Haleigh Causier,2022-05-31,May,Tuesday,15
860,Karel Hovenden,2022-10-06,October,Thursday,14
861,Ragnar Heathcott,2022-02-03,February,Thursday,12
862,Axe Gleder,2022-05-03,May,Tuesday,15
863,Poul Frane,2022-04-11,April,Monday,10
864,Jerry Pelerin,2022-11-17,November,Thursday,13
865,Gayler Littledike,2022-12-08,December,Thursday,20
866,Bartlett Chilvers,2022-08-22,August,Monday,12
867,Harwell Munnings,2022-12-25,December,Friday,45
868,Russell Constantine,2022-11-14,November,Monday,11
869,Zulema Ludlom,2022-01-25,January,Tuesday,12
870,Dewain Wogdon,2022-10-10,October,Monday,14
871,Merrily Altamirano,2022-03-18,March,Friday,31
872,Bartholemy Rattrie,2022-02-24,February,Thursday,12
873,Leroi Heikkinen,2022-04-21,April,Thursday,11
874,Kamila Blakes,2022-06-29,June,Wednesday,15
875,Vincent Seedull,2022-01-12,January,Wednesday,14
876,Remy La Torre,2022-04-23,April,Friday,55
877,Brig Lawty,2022-03-28,March,Monday,8
878,Kassie Darben,2022-02-10,February,Thursday,12
879,Barnie Drees,2022-04-25,April,Monday,10
880,Leslie Pezey,2022-08-02,August,Tuesday,15
881,Ted Gobel,2022-05-29,May,Friday,31
882,Noach Pagen,2022-11-11,November,Friday,39
883,Elita Taggert,2022-11-08,November,Tuesday,12
884,Tony Roches,2022-07-03,July,Friday,49
885,Phelia Wines,2022-12-07,December,Wednesday,9
886,Kris Boarer,2022-02-04,February,Friday,31
887,Courtnay Fearey,2022-01-30,January,Friday,33
888,Bartie Pedrazzi,2022-01-08,January,Friday,33
889,Pincas Sogg,2022-08-19,August,Friday,24
890,Delainey Rand,2022-03-10,March,Thursday,19
891,Alvy Fleis,2022-10-28,October,Friday,32
892,Chrotoem Thominga,2022-07-20,July,Wednesday,19
893,Ebeneser Gobel,2022-05-10,May,Tuesday,15
894,Orelee Perillio,2022-02-19,February,Friday,31
895,Carmelita Wiffen,2022-09-11,September,Friday,36
896,Dion Grimestone,2022-09-16,September,Friday,36
897,Terry Sloey,2022-03-29,March,Tuesday,13
898,Reube Pallaske,2022-08-04,August,Thursday,10
899,Ossie Woodard,2022-01-12,January,Wednesday,14
900,Olly Navarijo,2022-09-08,September,Thursday,14
901,Maybelle Shackesby,2022-04-30,April,Friday,55
902,Seumas Plum,2022-04-28,April,Thursday,11
903,Burl Glassborow,2022-07-31,July,Friday,49
904,Farra Laidler,2022-03-29,March,Tuesday,13
905,Olwen Callicott,2022-02-01,February,Tuesday,13
906,Zoe Djorvic,2022-04-04,April,Monday,10
907,Tonye Faudrie,2022-04-01,April,Friday,55
908,Jody Alvin,2022-05-15,May,Friday,31
909,Brandie Feuell,2022-05-10,May,Tuesday,15
910,Mic Stonard,2022-07-12,July,Tuesday,12
911,Jilli Kevane,2022-11-11,November,Friday,39
912,Jessie Fforde,2022-06-05,June,Friday,30
913,Eleonora Manntschke,2022-12-12,December,Monday,20
914,Westley Bergin,2022-12-30,December,Friday,45
915,Thelma Carabine,2022-06-14,June,Tuesday,11
916,Nannie Ferebee,2022-03-11,March,Friday,31
917,Sib Klink,2022-12-07,December,Wednesday,9
918,Keely Skellion,2022-07-24,July,Friday,49
919,Erinna Rosthorn,2022-06-14,June,Tuesday,11
920,Elvin Lewinton,2022-09-10,September,Friday,36
921,Rosana Zoellner,2022-05-19,May,Thursday,12
922,Elaine Blackborough,2022-07-31,July,Friday,49
923,Roddie Ovett,2022-07-10,July,Friday,49
924,Ninnetta Galia,2022-04-01,April,Friday,55
925,Casandra Norewood,2022-11-24,November,Thursday,13
926,Pen Haney`,2022-12-25,December,Friday,45
927,Brigg Mendel,2022-02-20,February,Friday,31
928,Susana Cookney,2022-03-17,March,Thursday,19
929,Codi Widger,2022-07-04,July,Monday,11
930,Sonny Finlason,2022-11-26,November,Friday,39
931,Felike Whardley,2022-07-18,July,Monday,11
932,Aileen Overill,2022-06-26,June,Friday,30
933,Rayna Hobble,2022-01-02,January,Friday,33
934,Dela Corradeschi,2022-10-04,October,Tuesday,9
935,Temple Arnald,2022-11-15,November,Tuesday,12
936,Corey Garnsworthy,2022-01-12,January,Wednesday,14
937,Lyssa Skotcher,2022-03-03,March,Thursday,19
938,Farra Congreave,2022-06-20,June,Monday,9
939,Chanda Hartle,2022-08-23,August,Tuesday,15
940,Emmott Pressman,2022-11-02,November,Wednesday,17
941,Alvera Roussel,2022-05-22,May,Friday,31
942,Korney Pennington,2022-08-24,August,Wednesday,10
943,Travus Rousby,2022-09-20,September,Tuesday,12
944,Wakefield Pleaden,2022-02-21,February,Monday,12
945,Amy Pirrie,2022-11-06,November,Friday,39
946,Barn Poyntz,2022-06-22,June,Wednesday,15
947,Heindrick Okie,2022-05-06,May,Friday,31
948,Gan Thulborn,2022-12-18,December,Friday,45
949,Delphinia Wallach,2022-06-12,June,Friday,30
950,Harlin Hallad,2022-11-28,November,Monday,11
951,Ida Side,2022-04-22,April,Friday,55
952,Lia Cavilla,2022-04-06,April,Wednesday,12
953,Tammie Bevans,2022-12-17,December,Friday,45
954,Towney Genny,2022-10-26,October,Wednesday,13
955,Darsie Midson,2022-07-10,July,Friday,49
956,Bobbee Timeby,2022-10-12,October,Wednesday,13
957,Giacinta Pardal,2022-05-28,May,Friday,31
958,Justinian McCrossan,2022-01-25,January,Tuesday,12
959,Maxine Peizer,2022-10-06,October,Thursday,14
960,Claudell Oloshin,2022-12-25,December,Friday,45
961,Risa Marc,2022-07-31,July,Friday,49
962,Leontine Kowalski,2022-12-31,December,Friday,45
963,Yasmin Lindsell,2022-09-28,September,Wednesday,7
964,Carlyle Bestwick,2022-08-08,August,Monday,12
965,Arnold Emps,2022-06-22,June,Wednesday,15
966,Cassandry Trevaskus,2022-01-05,January,Wednesday,14
967,Julianna Whitlock,2022-02-25,February,Friday,31
968,Meryl Grzelewski,2022-06-04,June,Friday,30
969,Louella Ketch,2022-08-17,August,Wednesday,10
970,Meredith Dreng,2022-09-12,September,Monday,7
971,Brana Bridgstock,2022-01-04,January,Tuesday,12
972,Efrem Roswarne,2022-10-21,October,Friday,32
973,Catrina Hannabuss,2022-03-12,March,Friday,31
974,Ainslie Swansbury,2022-10-03,October,Monday,14
975,Jerry Archard,2022-03-09,March,Wednesday,6
976,Cly Chevis,2022-12-19,December,Monday,20
977,Tarrance Alves,2022-12-24,December,Friday,45
978,Geneva Bakesef,2022-12-05,December,Monday,20
979,Rosaline Youel,2022-03-19,March,Friday,31
980,Livvyy Cessford,2022-06-23,June,Thursday,12
981,Deirdre Maharey,2022-07-17,July,Friday,49
982,Dyan Heckney,2022-05-02,May,Monday,7
983,Alika Bunclark,2022-11-09,November,Wednesday,17
984,Daryle Flewitt,2022-09-11,September,Friday,36
985,Clovis Okeshott,2022-02-01,February,Tuesday,13
986,Gratia Shory,2022-04-02,April,Friday,55
987,Alane Beidebeke,2022-11-22,November,Tuesday,12
988,Bridie Hembery,2022-05-26,May,Thursday,12
989,Hannis Loughran,2022-02-02,February,Wednesday,8
990,Gwen Glowinski,2022-03-04,March,Friday,31
991,Henrie Wrightson,2022-12-01,December,Thursday,20
992,Ludwig Raine,2022-02-18,February,Friday,31
993,Hamel Pie,2022-12-24,December,Friday,45
994,Tamma Sergison,2022-06-19,June,Friday,30
995,Ninetta Worling,2022-02-15,February,Tuesday,13
996,Stanford Tinton,2022-04-09,April,Friday,55
997,Ertha MacCook,2022-12-14,December,Wednesday,9
998,Lawton Randles,2022-12-12,December,Monday,20
999,Engracia Pashbee,2022-09-23,September,Friday,36
